,Divisor,Adj Divisor,USD,BTC,Adj USD,Adj BTC
10,337429466.79072994,184988468.7524982,1009.7167340792801,0.091681219599156,1841.780633612859,0.16723174829592857
20,34303982.17353767,38248437.48087195,813.6563362173126,0.07387914126926513,729.7462142589038,0.06626019027220578
40,93774105.7431215,70473511.36279204,66.04285568052579,0.005996621973511078,87.8785463134042,0.007979279763012439
Total,897078952.8878881,1902076377.158795,417.81488704934395,0.03793715318217139,197.0546219258919,0.01789235283130194
ETH,134127990.4768138,213643719.28156164,120.45917255916504,0.010937566427677237,75.62565753953795,0.006866730323663778
Currency,4309233776.363292,0.0,60.199464288178795,0.0054660481686368894,0.0,0.0
Platform,4148945929.287739,0.0,23.91976224842047,0.0021718893046342746,0.0,0.0
Application,444393154.60173434,0.0,36.35874263177356,0.0033013356667921647,0.0,0.0
