,Divisor,Adj Divisor,USD,BTC,Adj USD,Adj BTC
10,337228307.7921448,230766818.95793012,745.7838024216943,0.08996585613954239,1089.842165373475,0.13147051886406758
20,34716802.60064811,38301852.39422977,439.27662996799876,0.052991092014650555,398.1603785819622,0.048031130769606196
40,82758793.76321684,69351077.47104117,35.584903663615194,0.004292700261583413,42.46457028170604,0.005122612489820845
Total,895094949.1764055,2687419314.383255,301.30284353706674,0.036346952277683676,100.35451184677166,0.012106027975458252
ETH,128740419.16532095,211356707.44454822,50.49785248417705,0.006091688391723042,30.758970341488382,0.00371053526740191
Currency,4437515803.083103,0.0,44.998914495576074,0.005428337079457603,0.0,0.0
Platform,4142603043.848181,0.0,15.199240002226636,0.0018335241862728372,0.0,0.0
Application,407493205.44948804,0.0,17.29315049961864,0.0020861181015144146,0.0,0.0
