,Divisor,Adj Divisor,USD,BTC,Adj USD,Adj BTC
10,245461480.8566065,89790696.47427702,454.3028164806535,0.11294165222575517,1241.9309178943113,0.308749417192322
20,22641554.31253601,24723582.52242814,477.81686960329347,0.11878734790241453,437.5788417699912,0.10878399951685018
40,62310714.49330139,52808285.439376116,70.78004438223216,0.017596226277153192,83.51634787286464,0.020762526610978972
Total,652729724.9355705,829377224.3409253,194.1733446336801,0.0482723363482883,152.81672815802187,0.037990901970637606
ETH,106307954.65032355,144969592.5051098,64.0908844951712,0.01593327209276265,46.99862036358855,0.01168406103513725
Currency,3566961055.4950113,0.0,24.248662788032114,0.006028322828287287,0.0,0.0
Platform,1880558893.393182,0.0,17.972993314991207,0.004468164155711332,0.0,0.0
Application,295336371.9022701,0.0,21.837491802572075,0.005428895254832532,0.0,0.0
