,Divisor,Adj Divisor,USD,BTC,Adj USD,Adj BTC
10,262186170.72462568,186586708.9006412,912.648708701518,0.08694078773633356,1282.4271973125683,0.12216664493777056
20,17954121.269287847,19718974.040110216,509.3157313543391,0.04851846112120558,463.73185473501064,0.04417604754676597
40,60791805.71370904,50579878.14019803,44.63305442148309,0.004251836301837667,53.644335901311806,0.005110269456785974
Total,682317327.6922443,2049727428.810095,368.0711994182985,0.03506321733146694,122.52427013350015,0.011671913257162877
ETH,103305808.12156759,179670930.47246078,63.389380986314244,0.006038602437634236,36.4471381758712,0.0034720291318371607
Currency,3607832791.5865593,0.0,56.90142447913272,0.005420546394651424,0.0,0.0
Platform,2398849853.981915,0.0,16.366562778867774,0.0015591123363943612,0.0,0.0
Application,319036994.6121877,0.0,20.65467467027968,0.0019676066696316403,0.0,0.0
