,Divisor,Adj Divisor,USD,BTC,Adj USD,Adj BTC
10,247129940.372,83935754.9864,1022.69200146,0.121481643556,3011.08643605,0.357675359364
20,19336823.3105,18462479.2737,1095.67903597,0.130151492247,1147.56808169,0.136315192118
40,45262673.1807,40702277.684,192.417663112,0.0228565530293,213.976669002,0.0254174642961
Total,645739507.07,697029075.459,437.471856659,0.0519655967589,405.28131612,0.0481418064427
ETH,83791258.4085,87401566.4196,122.967963796,0.0146068907603,117.888509926,0.0140035220005
Currency,3189281310.45,0.0,56.8580718924,0.00675395134904,0.0,0.0
Platform,2267505721.27,0.0,40.3374579233,0.00479153125125,0.0,0.0
Application,241461294.73,0.0,40.3043453359,0.00478759793453,0.0,0.0
