,Divisor,Adj Divisor,USD,BTC,Adj USD,Adj BTC
10,239962379.07015076,95132139.27135448,429.0310068750538,0.11184824150735928,1082.19264165754,0.2821272635356409
20,20635886.46856186,21650063.43890567,381.2072163645151,0.09938059514822824,363.34992089483944,0.09472520412903734
40,57226872.20054074,51247159.19019989,56.34930995445456,0.014690246456695772,62.924361277939745,0.016404360160758715
Total,633050277.6858475,944458639.6374062,180.14768924632048,0.04696444296783237,120.74911480044243,0.031479254267356364
ETH,98155295.4669411,131863723.55659992,49.7459306013482,0.01296874764468556,37.029338962640644,0.009653536412946192
Currency,3489612708.4414506,0.0,22.661683252009908,0.005907893324065158,0.0,0.0
Platform,1887053176.84034,0.0,16.045200040668334,0.004182978340549661,0.0,0.0
Application,277324007.1262489,0.0,16.88963450987568,0.004403122127212027,0.0,0.0
