,Divisor,Adj Divisor,USD,BTC,Adj USD,Adj BTC
10,245451069.23228806,90502160.17743404,462.26167155236175,0.11234858522503323,1253.7006997974722,0.3047007973749462
20,22536381.436905384,24559340.33114881,516.6052361234144,0.12555630494607314,474.052335958457,0.11521420127414125
40,62349465.004956916,53350716.01304399,76.15781173170015,0.018509478350557475,89.00346934910446,0.021631501110424275
Total,652728010.4676523,799326784.6988388,198.93957503922186,0.048350493186831725,162.45349899985666,0.039482877124981046
ETH,106582064.18439071,142570661.03201017,68.03201697905203,0.016534576254038737,50.858940736950615,0.01236081291068705
Currency,3566242413.8879104,0.0,24.76654094497252,0.006019287358913856,0.0,0.0
Platform,1866642372.1625714,0.0,18.5926216863711,0.0045187712298821936,0.0,0.0
Application,293427081.1699739,0.0,23.2567790907372,0.005652353176851029,0.0,0.0
