,Divisor,Adj Divisor,USD,BTC,Adj USD,Adj BTC
10,239964595.8007637,95949972.74977823,424.0305407693236,0.11117388536742019,1060.4726026159833,0.27803860388126156
20,20635228.44130462,21662999.04532156,380.3329612468527,0.09971709339236356,362.28859737597645,0.09498615576492478
40,57060684.91059331,51134905.3724555,57.54802653283637,0.015088153068585896,64.21699199986128,0.01683664694123279
Total,633017935.7400523,927466509.8464031,178.32718205562665,0.04675447589170815,121.71253999229366,0.031911040993252246
ETH,98158246.10678315,131271185.22082388,50.71580155276365,0.01329685521687705,37.92282458594919,0.00994274550525986
Currency,3489652759.614332,0.0,22.493462083308877,0.005897418545912214,0.0,0.0
Platform,1883568638.8132637,0.0,15.701960800552131,0.004116797782813376,0.0,0.0
Application,274931880.8384265,0.0,17.510561861424044,0.004590983455033982,0.0,0.0
