,Divisor,Adj Divisor,USD,BTC,Adj USD,Adj BTC
10,240493008.93766737,96559994.4851092,389.4830739722962,0.10890657218106141,970.0493137904476,0.2712434831481867
20,20200604.40606991,20500189.179546274,349.5230911964568,0.09773303207276783,344.41524584031123,0.09630478533717712
40,55281861.16119412,49957833.36037278,53.72395978031282,0.015022199152313485,59.44934529447878,0.016623121380854974
Total,632535876.7487527,914719739.7113671,163.94088996904506,0.04584086333906058,113.36641166644328,0.03169931665871986
ETH,98046394.972688,130640262.67823716,49.44154212742605,0.013824757059472401,37.1062095873445,0.010375573068105059
Currency,3480077855.383,0.0,21.061614714234015,0.005889211666457643,0.0,0.0
Platform,1870912668.4375758,0.0,13.807236541665523,0.0038607551997313304,0.0,0.0
Application,288691108.5079486,0.0,15.83111398072058,0.004426668249954789,0.0,0.0
