,Divisor,Adj Divisor,USD,BTC,Adj USD,Adj BTC
10,258810339.92118263,149824565.68730178,897.1400454007065,0.09267655250793444,1549.7399845073671,0.16009157074656363
20,19988809.820697214,20999273.68143316,649.04093028245,0.06704736474922794,586.9192488356546,0.060630057549532435
40,55049624.08411221,46576586.746408105,62.97323163492977,0.006505274219034756,74.42908489063875,0.007688689217862171
Total,675634207.6945357,1511499964.8409247,367.9939910171038,0.03801459382617156,162.14190321345254,0.016749617502790522
ETH,104584913.16186573,170052379.14288068,80.53176764533012,0.008319109854700212,49.528315736657575,0.005116384646443614
Currency,3568592586.934933,0.0,54.06028903799309,0.0055845475199871545,0.0,0.0
Platform,2345327202.2551303,0.0,20.18661398383467,0.0020853219075675695,0.0,0.0
Application,314445008.4343748,0.0,26.605500887395277,0.0027484071329011736,0.0,0.0
