,Divisor,Adj Divisor,USD,BTC,Adj USD,Adj BTC
10,253824970.83791137,102990069.70447037,571.2815264765773,0.1068733487987937,1407.956293400398,0.26339553628854634
20,21462631.239346698,24405877.49938317,552.4676672701701,0.10335371785672755,485.84238835835487,0.09088969383012306
40,54471928.08149358,48640765.35205037,80.13290255366365,0.014990982988189752,89.73941247165227,0.016788135246090328
Total,667463453.4580361,964103386.5668869,241.5531809000198,0.045188923778098716,167.23094490044633,0.031284979954677446
ETH,99952570.60241432,147054423.07094777,74.72002306428016,0.013978360435448344,50.787036695545446,0.009501061098013125
Currency,3531236664.552503,0.0,31.63882939169512,0.005918881483913685,0.0,0.0
Platform,2160075973.93949,0.0,19.586868425919512,0.0036642428017409417,0.0,0.0
Application,288603245.74770373,0.0,24.92904068228185,0.004663637692765585,0.0,0.0
