,Divisor,Adj Divisor,USD,BTC,Adj USD,Adj BTC
10,258809482.01999533,153105307.973556,925.8183380277399,0.09207769854704789,1565.0049477772334,0.1556483036543103
20,19972939.763827477,21074328.983569045,663.4806825528389,0.06598678355197951,597.3654834539086,0.05941126530832711
40,55051113.176367596,46838722.83716266,63.751470742963484,0.006340432527515622,74.92922988596521,0.007452121823920532
Total,675599159.480515,1542670759.9141743,379.47325725630674,0.03774069140037454,163.81289237703055,0.016292088310266628
ETH,104542943.65726236,173235891.74321246,81.87989905997496,0.00814340389796987,49.41219505931093,0.004914313115585359
Currency,3568758094.4970374,0.0,56.011921116247315,0.005570691976753993,0.0,0.0
Platform,2344978254.465009,0.0,20.442416486982037,0.0020331101529824478,0.0,0.0
Application,314594585.7068342,0.0,27.151753504833426,0.002700390423857531,0.0,0.0
