,Divisor,Adj Divisor,USD,BTC,Adj USD,Adj BTC
10,330931961.3612145,192808979.93272594,579.8444780318921,0.08968905443125533,995.2289072143674,0.15393979422495888
20,32513405.43795891,34611307.82209926,405.2887202815284,0.0626891579912649,380.72287096678724,0.058889367047634235
40,85874759.35220706,66531948.66139871,31.894422830915623,0.0049333583981774655,41.16707747764379,0.006367631998842665
Total,876380200.0615667,2153638903.2139907,237.1177632175995,0.036676848323234514,96.49032270761447,0.014924908545799136
ETH,129662335.00491647,193974718.8353302,47.8440374645944,0.007400409321716455,31.98133061344131,0.004946801100717124
Currency,4309233776.363293,0.0,35.668877319231804,0.005517182624976891,0.0,0.0
Platform,3821045452.2677655,0.0,12.329765819638705,0.0019071407586318079,0.0,0.0
Application,403716474.3777152,0.0,17.30716155666391,0.0026770332627377076,0.0,0.0
