,Divisor,Adj Divisor,USD,BTC,Adj USD,Adj BTC
10,248053116.79712012,90806045.77532119,771.7777874658133,0.1096283052387891,2108.2504366433873,0.29946951848285674
20,20051649.842545465,18359327.753777698,771.4763658133245,0.10958548935906143,842.589345130311,0.11968683657274712
40,48767259.68122442,43230485.416635565,125.6298110946806,0.01784527036338051,141.71993588117024,0.02013081568493672
Total,649685003.1989003,799574653.9548731,327.9796078533769,0.046588343362293325,266.49598198671947,0.03785481175103793
ETH,84666805.35516609,85523567.25693619,84.4045792612867,0.011989371978676937,83.55902720861388,0.011869264299975694
Currency,3412873965.7086983,0.0,43.106666418702055,0.00612314951366161,0.0,0.0
Platform,2215903128.8492146,0.0,26.83974226158079,0.0038124904667761546,0.0,0.0
Application,241652559.2795821,0.0,26.763704534413566,0.003801689576547215,0.0,0.0
