,Divisor,Adj Divisor,USD,BTC,Adj USD,Adj BTC
10,330931961.3612145,225253670.09402362,604.6039068409159,0.08709337947257972,888.2552575236639,0.12795344412549065
20,32513405.43795891,34317431.45877347,392.5436192309626,0.056546029561495445,371.90807416553105,0.053573472922889345
40,83454308.03142723,69033952.25868142,29.70903651755305,0.004279595884035185,35.91489410257543,0.005173551585428553
Total,876052425.9886168,2475824847.502252,245.79012314647474,0.03540614313536115,86.97102861849939,0.012528203527776073
ETH,129242149.78055024,225460511.1296332,46.768010971186776,0.006736946421623245,26.80912168872528,0.0038618622574946066
Currency,4309233776.36329,0.0,37.43306415037132,0.005392244449600505,0.0,0.0
Platform,3826519986.0696163,0.0,12.490615358890436,0.0017992769993530884,0.0,0.0
Application,408187531.71336645,0.0,15.242062739492944,0.002195623844132413,0.0,0.0
