,Divisor,Adj Divisor,USD,BTC,Adj USD,Adj BTC
10,247412013.2673476,86064555.630006,932.644199473893,0.12035516375758384,2681.096502094767,0.3459881150191334
20,19981839.276333533,18469366.18005421,998.4429703803025,0.12884631381454653,1080.2063680057315,0.1393976549542181
40,48854669.47919222,43379902.373876914,164.14242639185295,0.021182127781529846,184.85804600878208,0.023855421404909226
Total,647643066.0730306,751091308.9431127,398.09963439366146,0.051373660733977033,343.26914018491334,0.04429793655842786
ETH,85474951.67350283,85944315.61417629,115.81933413829849,0.014946165895174727,115.18681506255919,0.014864541051549107
Currency,3402735387.152917,0.0,48.226307248020724,0.006223472048111487,0.0,0.0
Platform,2317979954.2962866,0.0,36.02684054381277,0.004649164489271369,0.0,0.0
Application,244015938.782907,0.0,36.594742546866975,0.00472245067773896,0.0,0.0
