,Divisor,Adj Divisor,USD,BTC,Adj USD,Adj BTC
10,332160547.3297714,186885856.76192945,852.6128503639993,0.0894505118687959,1515.3867496675869,0.15898437418470332
20,31218555.356019396,33682626.96509217,629.6531493131062,0.06605905186839639,583.5905173695337,0.061226464600192015
40,83980568.47669095,64409669.20543587,56.150306295570815,0.005890919468999549,73.21159541748409,0.007680877296218689
Total,876771342.2211386,1904289973.3099854,350.8061139383033,0.036804261682295364,161.5178106737841,0.016945382461135965
ETH,129937141.91020216,183079365.8213745,83.86165626619241,0.008798211375741504,59.51923572706981,0.006244365305487684
Currency,4309233776.363289,0.0,51.88148381593078,0.005443062794404738,0.0,0.0
Platform,3738614388.136483,0.0,19.30166824202111,0.002025003614985829,0.0,0.0
Application,411823689.44889647,0.0,28.76427619015483,0.0030177579749663713,0.0,0.0
