,Divisor,Adj Divisor,USD,BTC,Adj USD,Adj BTC
10,251325450.25473782,99241976.18258435,422.4666072639662,0.1126534708912491,1069.8760179146896,0.28528940458030383
20,23633802.20539418,22514170.140469152,338.7172794814738,0.09032116746824337,355.5617256540621,0.0948128486898014
40,55919356.688718885,51578534.44332452,54.70028164465491,0.014586186174352471,59.303828487447916,0.015813751906966808
Total,665799592.9297272,1012576036.438848,176.08991246057633,0.04695552142237236,115.78448216847909,0.03087468587422635
ETH,98047313.25131762,115249087.82007639,40.07836811391761,0.010687157749414583,34.09637670366329,0.009092020799843264
Currency,3467597666.530988,0.0,22.340598326655673,0.005957265970875838,0.0,0.0
Platform,2343554220.4300027,0.0,15.408536680537079,0.0041087866083887835,0.0,0.0
Application,277199085.00740635,0.0,13.209438409382505,0.0035223827392618745,0.0,0.0
