,Divisor,Adj Divisor,USD,BTC,Adj USD,Adj BTC
10,257874653.71316433,135134071.7806713,1085.9682666171848,0.09675938612201876,2072.3396180344175,0.1846447225405288
20,19456280.11160089,21984128.08716938,920.0480319809336,0.08197595225738605,814.2561831595038,0.0725499361726238
40,55363998.4589733,49220203.141796075,90.73237486400926,0.008084222313955685,102.05782872692745,0.009093316223064824
Total,672467639.7530636,1363112744.5353565,450.5312851888939,0.04014217719218915,222.26166632251875,0.019803435379207947
ETH,98303989.15030287,165861666.42704457,111.19154502775068,0.009907127095304492,65.90174011558786,0.005871821593664414
Currency,3559505319.339472,0.0,63.95995660808434,0.005698809374114786,0.0,0.0
Platform,2343813923.798044,0.0,27.552197165730213,0.0024548909632261385,0.0,0.0
Application,282355742.6870385,0.0,37.98286786860825,0.0033842600111775012,0.0,0.0
