,Divisor,Adj Divisor,USD,BTC,Adj USD,Adj BTC
10,332160547.3297714,191398408.2546483,812.3436189053579,0.08858536444268407,1409.7740077151236,0.1537346282396505
20,31218632.05025612,32739262.6210448,618.1889216275429,0.06741296372906679,589.4760888545323,0.0642818543115934
40,85143289.48281376,63459636.16455764,58.14000141658243,0.006340116539754792,78.00597782040225,0.008506483971942588
Total,876973076.2411444,1767089619.9180884,335.33269435008907,0.03656773838954803,166.41925865766834,0.018147875277627325
ETH,130696702.04564668,180775701.33436003,88.1772658855126,0.009615654080662672,63.750148728910766,0.0069518982201592396
Currency,4309233776.36329,0.0,49.758765702341265,0.005426150081537812,0.0,0.0
Platform,3745376037.5774407,0.0,18.041855176558673,0.0019674486003733596,0.0,0.0
Application,419576252.052617,0.0,28.795859114810916,0.0031401633677667906,0.0,0.0
