,Divisor,Adj Divisor,USD,BTC,Adj USD,Adj BTC
10,246622202.901,80125966.603,1007.32677754,0.122228666677,3100.48239604,0.376211411998
20,19277376.2918,18248965.6863,1100.24906113,0.133503822943,1162.25300276,0.141027358784
40,45208221.3334,40324524.5824,193.614447118,0.0234931069521,217.063061978,0.0263383533941
Total,644454543.075,642227806.222,431.797421378,0.0523941428602,433.294552492,0.0525758042078
ETH,83354187.8208,83694402.3814,124.102759274,0.0150585839025,123.59828628,0.014997371332
Currency,3189232229.82,0.0,55.8583175821,0.00677782804257,0.0,0.0
Platform,2256345989.73,0.0,40.1036923725,0.00486616752059,0.0,0.0
Application,240464551.716,0.0,40.454980946,0.00490879274898,0.0,0.0
