,Divisor,Adj Divisor,USD,BTC,Adj USD,Adj BTC
10,337037629.94939846,184490327.68129635,1048.8686024152883,0.09240625560137955,1916.133991029956,0.16881310674556688
20,34699813.15207928,38718055.438647084,830.2606044494175,0.07314669678722234,744.0943899566329,0.06555537674743059
40,94143431.89608969,70961758.34331104,66.39019043433058,0.005849034752848841,88.07843150510067,0.007759788057233106
Total,896829636.5671308,1945667107.777857,433.26877286012956,0.038171363769317096,199.70953640873327,0.01759458756313462
ETH,134203062.23077723,218589005.2657651,124.75070867291062,0.010990648252351755,76.59089302780346,0.006747725712798937
Currency,4309233776.363291,0.0,62.04054415279295,0.0054658270515773955,0.0,0.0
Platform,4191913439.544366,0.0,24.934884308930823,0.0021967854577170294,0.0,0.0
Application,446903620.6923931,0.0,37.35971317239431,0.0032914239177841316,0.0,0.0
