,Divisor,Adj Divisor,USD,BTC,Adj USD,Adj BTC
10,337249051.3566661,222194716.34105408,817.4557931638132,0.08991651188402651,1240.7414330561628,0.136476055027531
20,34702189.90261189,38945048.38895824,503.61674665104067,0.05539560862365622,448.75034704989577,0.04936054799649217
40,82750196.58921593,69184441.41930127,39.23395975039989,0.004315561572449831,46.92699421597447,0.005161761245548782
Total,895130368.4451016,2646334909.4666142,331.13546705842174,0.03642343281187636,112.0075208821506,0.0123203305508681
ETH,128809910.52487963,241963624.54376888,68.05970876906665,0.0074862661241557995,36.23174769936137,0.003985331561453412
Currency,4437743918.984119,0.0,49.46729299015173,0.005441182844646209,0.0,0.0
Platform,4156790272.901739,0.0,16.27724864388586,0.0017904251622740926,0.0,0.0
Application,407247925.0784885,0.0,22.65235640748484,0.00249165874307609,0.0,0.0
