,Divisor,Adj Divisor,USD,BTC,Adj USD,Adj BTC
10,255083768.79693407,100890290.21127632,393.7660460149707,0.11011351551927141,995.5698098541036,0.2784031097077376
20,20325368.78020189,20173390.587033525,343.6244217816517,0.09609181259680274,346.2131496668129,0.09681572958010463
40,53602219.57341411,48459179.491723664,57.51870743069912,0.016084645051081734,63.623247806039856,0.017791730789328816
Total,667065753.586988,931912698.118419,165.66695251164575,0.04632743409706776,118.58487468275494,0.03316130877936069
ETH,93576422.64240499,114387878.31962547,48.01851444817219,0.01342799230510632,39.28214133063135,0.010984935656123677
Currency,3477525415.931807,0.0,21.166536969658804,0.005919052241007963,0.0,0.0
Platform,2281840309.960527,0.0,14.213977775113948,0.003974824843762895,0.0,0.0
Application,285559652.6531265,0.0,15.651905823275374,0.004376929885701424,0.0,0.0
