,Divisor,Adj Divisor,USD,BTC,Adj USD,Adj BTC
10,247486746.95018673,92634875.11305347,441.38845022109206,0.11009376917739276,1179.2296535541986,0.29413057188175823
20,22811538.79984243,20314617.925276045,338.2938145081745,0.08437928339526578,379.87435962544964,0.09475055372215913
40,54076271.47004722,49063486.13743512,57.140027026392204,0.014252210140710653,62.97798743101201,0.015708349432373203
Total,654435761.5909113,969536431.4485426,183.43238682962982,0.04575281216616317,123.81660954806384,0.030883085466064872
ETH,96028812.04709776,98108456.39009619,38.4333145254151,0.009586269092369178,37.61862812552258,0.009383065097301338
Currency,3391140361.423205,0.0,24.275677493751232,0.006054985882125297,0.0,0.0
Platform,2269480140.6569915,0.0,15.090745899606935,0.0037640248514745145,0.0,0.0
Application,272974579.38139546,0.0,12.727690271926447,0.0031746172657144403,0.0,0.0
