,Divisor,Adj Divisor,USD,BTC,Adj USD,Adj BTC
10,249175417.3597505,88595406.63672847,681.979993837167,0.1083212360356218,1918.0751694290236,0.30465449872330763
20,21759167.818456627,19665452.894206546,601.609707467418,0.09555574608169401,665.661078665146,0.10572924641984453
40,49049944.84482749,44416006.12063216,104.26953529650147,0.016561490140829103,115.1480153663217,0.018289356673572524
Total,654987271.8321196,886684310.4332497,287.238672842635,0.045623109711008275,212.18112520559748,0.03370146038504915
ETH,92034770.93853822,94493336.56264032,70.07257287322065,0.011129868580332216,68.24939649777025,0.010840287184566396
Currency,3433084914.408017,0.0,38.050671373868276,0.006043719452841868,0.0,0.0
Platform,2174720702.832319,0.0,23.65680190767726,0.0037574914901408385,0.0,0.0
Application,262979898.28750917,0.0,23.04188259704378,0.0036598217338548577,0.0,0.0
