,Divisor,Adj Divisor,USD,BTC,Adj USD,Adj BTC
10,248697109.61,87196579.5117,759.773137864,0.114768315977,2166.98159956,0.327335643417
20,21689318.4143,19574252.9538,689.971778736,0.104224399588,764.525606221,0.115486204992
40,49118623.1321,44545881.8206,111.397945099,0.0168273316404,122.8332106,0.01855469748
Total,655005278.538,872768996.92,319.720223236,0.0482956685039,239.947150522,0.0362454646215
ETH,92012207.0585,94792032.9179,71.5361332074,0.0108059644788,69.4382987497,0.0104890739283
Currency,3431038556.32,0.0,41.034302659,0.0061984789653,0.0,0.0
Platform,2157814162.32,0.0,28.9550480471,0.00437383468535,0.0,0.0
Application,263588397.161,0.0,23.5268966534,0.00355387967079,0.0,0.0
