,Divisor,Adj Divisor,USD,BTC,Adj USD,Adj BTC
10,249175417.3597505,88541820.02056065,612.4102667603876,0.09741851185241011,1723.4520792545306,0.2741563065199389
20,21759167.818456627,19611705.569211826,779.2951603247483,0.12396554880476232,864.6272051033415,0.13753965307252486
40,49049944.84482749,44368393.35414089,102.20891243948127,0.016258774041427622,112.99353298170452,0.017974326084135926
Total,654987271.8321196,874362620.4738188,301.0493945388006,0.047889112253426444,225.5168702303701,0.03587385628211809
ETH,92034770.93853822,94597616.7592206,63.401845510682044,0.010085581143210462,61.68415789489165,0.009812341812585253
Currency,3433084914.408017,0.0,37.84196458236904,0.006019670268898986,0.0,0.0
Platform,2161296225.838297,0.0,22.88420668542994,0.003640280839853745,0.0,0.0
Application,264192428.2052851,0.0,300.37231109219977,0.047781405924274455,0.0,0.0
