,Divisor,Adj Divisor,USD,BTC,Adj USD,Adj BTC
10,249423209.80180436,84444707.35848157,716.9439976456814,0.11266094515960448,2117.6279572121975,0.3327651363835443
20,21781347.693240024,19719397.414003696,608.6707511939442,0.09564683203388176,672.3161455758269,0.1056481017420666
40,51697263.58192015,47405671.90350308,102.22052072141209,0.016062984719864597,111.47445001882723,0.017517151885655117
Total,656523018.6122855,937428941.7603346,300.6210871688495,0.04723975084046712,210.53826569081858,0.03308409036533124
ETH,91726156.21435554,95177786.04967958,69.20628628394925,0.010875111095621654,66.69651491350601,0.010480724343438549
Currency,3442987805.1761427,0.0,39.22268720665539,0.00616347305635043,0.0,0.0
Platform,2212773040.8422065,0.0,25.449276782240073,0.003999112323041589,0.0,0.0
Application,264064483.74107313,0.0,22.75185291887208,0.0035752377624886787,0.0,0.0
