,Divisor,Adj Divisor,USD,BTC,Adj USD,Adj BTC
10,337249051.356666,222696741.1174466,818.5403093731414,0.08979436348363498,1239.5868096143297,0.13598341740466138
20,34702189.920713305,38991465.60679861,505.77916312474434,0.05548427792255314,450.1406731844923,0.049380702164382305
40,82750387.83539976,69190708.93478924,39.31549898980077,0.004312933848712049,47.020370790166545,0.005158162912100134
Total,895130391.1799487,2645345701.6860967,331.6354389532163,0.03638060680508873,112.21858829646169,0.012310446525021812
ETH,128809900.69535784,242423682.55494818,68.45933375519304,0.007510030023773677,36.375323935927824,0.003990394879684159
Currency,4437743901.439934,0.0,49.52088903943755,0.005432471265642864,0.0,0.0
Platform,4155607086.6258445,0.0,16.3207508522483,0.0017903961693407065,0.0,0.0
Application,407247780.9150723,0.0,22.770680172115608,0.0024979572890068357,0.0,0.0
