,Divisor,Adj Divisor,USD,BTC,Adj USD,Adj BTC
10,253793410.6476717,103074135.43212548,570.4601915650838,0.10678129596661667,1404.6107401149543,0.2629213350481293
20,21484140.40873753,24440131.451313913,552.9083637073236,0.10349586614531286,486.03506665733795,0.09097822261795853
40,54525941.22595262,48621374.42602242,79.7933576222804,0.014936078384468154,89.48344178451084,0.016749911777521845
Total,667456519.2203948,964580253.8197197,241.2271089824339,0.04515397165357817,166.92090250181167,0.031245002818092647
ETH,99943358.96764867,147261554.88780272,74.79973511997021,0.014001349738632566,50.7650267816058,0.009502425286938565
Currency,3530912718.501018,0.0,31.60028150978638,0.005915082353542153,0.0,0.0
Platform,2160232914.1083198,0.0,19.549447887070425,0.0036593532934980464,0.0,0.0
Application,288815695.7909721,0.0,24.927349650735028,0.004666013054155057,0.0,0.0
