,Divisor,Adj Divisor,USD,BTC,Adj USD,Adj BTC
10,250160361.3,93441323.82,681.9799938,0.108321236,1918.075169,0.304654499
20,21815643.13,19144184.49,601.6097075,0.095555746,665.6610787,0.105729246
40,49488543.64,43055661.54,104.2695353,0.01656149,115.1480154,0.018289357
Total,657603729,836266118.3,287.2386728,0.04562311,212.1811252,0.03370146
ETH,92602543.9,90838513.42,70.07257287,0.011129869,68.2493965,0.010840287
Currency,3444288916,0,38.05067137,0.006043719,0,0
Platform,2127434763,0,23.65680191,0.003757491,0,0
Application,264486480,0,23.0418826,0.003659822,0,0
