,Divisor,Adj Divisor,USD,BTC,Adj USD,Adj BTC
10,236281701.21964714,86998205.36490163,677.6185265304377,0.10431889260395112,1840.3696668800071,0.2833236077735856
20,28416962.113719802,25581034.41953303,627.7738832895313,0.0966453450524191,697.3692449199646,0.10735950172229608
40,52767105.30049696,46191067.904512644,99.89129820563926,0.015378194664981993,114.11242238253956,0.017567526667625927
Total,718385453.3639499,936185783.8149762,286.1206425900761,0.04404807043714574,219.5556812519164,0.033800441747628605
ETH,88607172.85114866,92529514.2173333,69.5595982679006,0.01070865092552507,66.61095542664957,0.010254709446889807
Currency,3529012857.72405,0.0,38.029214205699226,0.005854570613424322,0.0,0.0
Platform,2174420967.9623866,0.0,24.328727462049038,0.003745390375170459,0.0,0.0
Application,3609083627.671795,0.0,22.73218873772187,0.0034996043684420055,0.0,0.0
