,Divisor,Adj Divisor,USD,BTC,Adj USD,Adj BTC
10,337249051.3566661,230642822.3287878,755.3794884806665,0.0899242868124016,1104.526095077148,0.1314885072737073
20,34702186.71784166,38314070.380039535,445.0831765083667,0.05298500664906196,403.12499671687135,0.047990087603423465
40,82710441.92430079,69394789.77427547,36.11125593963991,0.0042988709460507575,43.04037733847769,0.005123749446895814
Total,895125581.4112993,2686662826.278879,305.1897510369963,0.036331368700063274,101.6812197889859,0.01210465906365902
ETH,128807221.12272498,211380821.6347946,51.09585413637806,0.006082715128426335,31.1358189039965,0.0037065691509488717
Currency,4437743452.729504,0.0,45.61631510695062,0.00543040242097771,0.0,0.0
Platform,4142801395.9702053,0.0,15.355112073066758,0.0018279520732980114,0.0,0.0
Application,407226285.61538136,0.0,17.524580693215153,0.0020862168546480053,0.0,0.0
