,Divisor,Adj Divisor,USD,BTC,Adj USD,Adj BTC
10,247653956.697,84764444.6872,993.910709863,0.121066148967,2903.88170193,0.353715651938
20,20063626.1661,18540287.8821,1101.4878251,0.134169888498,1191.99011849,0.145193780306
40,48844150.3485,43208550.4496,185.159450006,0.0225538786679,209.309405672,0.0254955333872
Total,650470022.168,723464705.403,426.294838891,0.0519260673587,383.28340171,0.0466869357049
ETH,86181111.34,85576803.8243,128.355357557,0.0156346930206,129.261749287,0.0157450986688
Currency,3407606856.08,0.0,51.9606511751,0.00632921637038,0.0,0.0
Platform,2300511686.35,0.0,39.2124345168,0.00477638322179,0.0,0.0
Application,245797200.622,0.0,40.5857856199,0.00494366819778,0.0,0.0
