,Divisor,Adj Divisor,USD,BTC,Adj USD,Adj BTC
10,248574007.419,86949731.7976,755.409951965,0.114660531275,2159.58433824,0.327794314746
20,65397460.1064,59255568.1389,687.133839888,0.104297184507,758.355869214,0.115107679789
40,49306018.8667,44993954.8321,110.391060015,0.0167557993596,120.970555003,0.0183616168535
Total,749607407.453,1000645039.76,317.815831915,0.0482399418227,238.083528468,0.0361377074674
ETH,91931722.2065,94790545.6733,71.0543718106,0.010785047245,68.9114164757,0.0104597769774
Currency,3430855125.98,0.0,40.890048804,0.00620653025229,0.0,0.0
Platform,2158794736.57,0.0,28.6107301402,0.00434270360023,0.0,0.0
Application,263623557.852,0.0,23.2028151156,0.00352185869582,0.0,0.0
