,Divisor,Adj Divisor,USD,BTC,Adj USD,Adj BTC
10,330931961.3612145,185454574.47701335,842.296022667452,0.09011629910298645,1503.0239918004254,0.16080683745259447
20,32513405.43795891,35499611.72816069,652.7874241762432,0.0698409884228551,597.8753331041784,0.06396600588672798
40,84102433.03822297,69909009.45841217,44.70576405365333,0.004783019148455777,53.78224576306814,0.005754101664004282
Total,876136007.5730472,2243311969.3629246,346.66635992306806,0.03708944188153287,135.39217223948242,0.014485455423494699
ETH,129662335.00485961,228814978.47770664,67.66397019071745,0.007239291664813742,38.34306839961717,0.0041022815345649255
Currency,4309233776.36329,0.0,52.641027621767165,0.00563200402541216,0.0,0.0
Platform,3696958565.937904,0.0,18.231320557099245,0.001950548372724101,0.0,0.0
Application,409229026.8004279,0.0,23.17516346508635,0.0024794845355750575,0.0,0.0
